{
    "rmse": 373.8879148343811,
    "r2": 0.8443387244052243
}